global_step,epoch,loss_teacher_ce
0,0,1.6303080320358276
0,0,2.5430779457092285
0,0,4.044529914855957
0,0,3.1175458431243896
