global_step,epoch,loss_total,loss_ce,loss_student_ce,loss_teacher_ce,loss_align
0,0,8.4542818069458,8.286375045776367,5.358084201812744,2.928290367126465,0.16790707409381866
0,0,nan,3.603562831878662,2.165419101715088,1.4381436109542847,nan
1,0.0005434782608695652,nan,4.104568958282471,2.3220436573028564,1.7825251817703247,nan
1,0.0005434782608695652,4.3465776443481445,4.237640380859375,2.521153688430786,1.7164866924285889,0.10893736034631729
2,0.0010869565217391304,12.432538032531738,12.203840255737305,6.917158603668213,5.286681175231934,0.22869811952114105
2,0.0010869565217391304,8.426734924316406,8.289728164672852,5.202153205871582,3.0875744819641113,0.13700677454471588
3,0.0016304347826086956,nan,6.244152545928955,3.245264768600464,2.998887777328491,nan
3,0.0016304347826086956,nan,5.042288303375244,2.8979830741882324,2.1443052291870117,nan
4,0.002173913043478261,7.210498809814453,7.0172810554504395,4.117105007171631,2.9001760482788086,0.19321785867214203
