global_step,epoch,loss_total,loss_ce,loss_student_ce,loss_teacher_ce,loss_align
0,0,8.4542818069458,8.286375045776367,5.358084201812744,2.928290367126465,0.16790707409381866
