global_step,epoch,loss_teacher_ce
0,0,2.1340301036834717
0,0,3.8976552486419678
0,0,4.195577621459961
0,0,1.8308532238006592
0,0,3.0888547897338867
0,0,2.6813013553619385
0,0,2.0195841789245605
0,0,4.509213447570801
0,0,3.8592917919158936
