global_step,epoch,loss_teacher_ce
0,0,2.134030342102051
0,0,3.897655725479126
0,0,4.195578575134277
0,0,1.8308532238006592
0,0,3.088855028152466
0,0,2.681303024291992
0,0,2.0195841789245605
